id,first_name,last_name,email,gender,ip_address
1,Jasen,Duckham,jduckham0@istockphoto.com,Male,16.255.239.243
2,Maxy,Wreath,mwreath1@themeforest.net,Male,99.142.182.14
3,Jo,Giacopetti,jgiacopetti2@sogou.com,Female,236.167.196.109
4,Hershel,Lipscomb,hlipscomb3@microsoft.com,Male,61.45.24.155
5,Kellby,Beall,kbeall4@google.com.hk,Male,45.133.109.162
6,Sarina,Le Cornu,slecornu5@google.pl,Female,190.207.29.173
7,Honey,Bloyes,hbloyes6@e-recht24.de,Female,175.42.223.248
8,Etan,Greenier,egreenier7@answers.com,Male,120.159.203.179
9,Bertie,Hundy,bhundy8@patch.com,Male,142.116.181.207
10,Earlie,Fitzjohn,efitzjohn9@auda.org.au,Agender,83.126.126.182
11,Katine,Skala,kskalaa@newsvine.com,Female,132.238.11.62
12,Morgan,Meriguet,mmeriguetb@cnbc.com,Male,235.208.195.126
13,,Stables,cstablesc@tumblr.com,Male,185.131.49.250
14,Thoma,Vasser,tvasserd@tmall.com,Bigender,107.2.230.227
15,Gus,Alexis,galexise@cargocollective.com,Male,76.169.72.190
16,Monro,Tonry,mtonryf@alibaba.com,Male,177.251.208.1
17,Kerrin,Speir,kspeirg@live.com,Female,66.185.131.61
18,Cam,Raveau,craveauh@cnn.com,Female,244.41.42.56
19,Callida,Lepick,clepicki@sina.com.cn,Genderqueer,151.161.156.5
20,Daniela,Laban,dlabanj@about.com,Female,231.139.131.183
21,Niall,Pierson,npiersonk@lycos.com,Male,88.45.125.196
22,Hilton,Justice,hjusticel@altervista.org,Male,64.109.44.111
23,Kristoforo,Burchell,kburchellm@foxnews.com,Male,71.30.231.203
24,Xenos,Gascar,xgascarn@phpbb.com,Male,45.234.134.174
25,Cointon,Cordingley,ccordingleyo@nsw.gov.au,Polygender,174.64.115.248
26,Blinni,Pound,bpoundp@comcast.net,Female,199.119.131.140
27,Wallace,Andrzejewski,wandrzejewskiq@virginia.edu,Male,80.184.87.35
28,Priscella,Gottschalk,pgottschalkr@nifty.com,Female,83.19.188.130
29,Rhett,Ellison,rellisons@alibaba.com,Male,237.222.155.170
30,Tabb,Mylchreest,tmylchreestt@senate.gov,Male,139.26.102.44
31,Alister,Patifield,,,27.221.90.104
32,Shaina,Kitchaside,skitchasidev@shinystat.com,Female,53.182.186.106
33,Gerry,Heynel,gheynelw@gizmodo.com,Male,55.79.225.10
34,Hartwell,Blanckley,hblanckleyx@cyberchimps.com,Male,124.2.220.89
35,Hale,Looks,hlooksy@huffingtonpost.com,Male,43.101.31.61
36,Abra,Luciano,alucianoz@irs.gov,Female,187.216.40.186
37,Hodge,Dewfall,hdewfall10@cdc.gov,Male,108.11.45.146
38,Lucina,Ortes,lortes11@walmart.com,Female,62.151.7.238
39,Darrell,De Biasio,ddebiasio12@walmart.com,Polygender,33.223.83.230
40,Reider,Feely,rfeely13@aol.com,Male,197.111.169.239
41,Samuel,Beldom,sbeldom14@un.org,Male,82.93.191.232
42,Orsola,Goodlife,ogoodlife15@harvard.edu,Female,122.63.184.172
43,Valaria,Josefovic,vjosefovic16@blinklist.com,Female,57.23.181.25
44,Jesselyn,Watters,jwatters17@multiply.com,Female,66.183.24.184
45,Rad,Seyfart,rseyfart18@ihg.com,Male,133.175.151.206
46,Goddard,Hurdidge,ghurdidge19@microsoft.com,Male,226.65.178.90
47,Joyann,Jozefczak,jjozefczak1a@jimdo.com,Female,210.253.24.250
48,Kylila,Aumerle,kaumerle1b@umich.edu,Female,23.13.238.215
49,Brandtr,Matresse,bmatresse1c@nationalgeographic.com,Male,5.251.87.74
50,Patton,Narraway,pnarraway1d@hibu.com,Male,44.91.177.182
51,Glyn,Cassey,gcassey1e@dropbox.com,Male,166.25.122.21
52,Scottie,Clark,sclark1f@digg.com,Non-binary,0.128.141.52
53,Mannie,Skep,mskep1g@amazon.co.jp,Male,167.231.173.155
54,Zelig,Lindop,zlindop1h@blogspot.com,Male,74.157.171.49
55,Ethan,Bennington,ebennington1i@seesaa.net,Male,46.10.43.54
56,Fleurette,Speir,fspeir1j@mashable.com,Genderqueer,166.145.28.26
57,Demetria,Iiannoni,diiannoni1k@apache.org,Female,236.28.54.12
58,Lacie,Melia,lmelia1l@ask.com,Female,181.189.175.246
59,Lilli,Primo,lprimo1m@technorati.com,Female,0.184.105.219
60,Dan,Magenny,dmagenny1n@booking.com,Male,11.1.234.196
61,Waverley,Edmead,wedmead1o@npr.org,Genderfluid,59.104.54.203
62,Janos,Dietsche,jdietsche1p@simplemachines.org,Male,66.141.233.109
63,Wainwright,Call,wcall1q@washingtonpost.com,Male,165.168.151.216
64,Trstram,Coggles,tcoggles1r@livejournal.com,Male,135.14.238.102
65,Carmelia,I'anson,cianson1s@google.com,Female,185.230.240.40
66,Emery,Silkstone,,Male,206.253.64.28
67,Kile,Lyddiard,klyddiard1u@stanford.edu,Male,98.154.104.20
68,Julieta,Bodesson,jbodesson1v@google.co.jp,Female,169.158.131.56
69,Peadar,Skirrow,pskirrow1w@linkedin.com,Agender,233.203.86.3
70,Dione,Dodshon,ddodshon1x@cpanel.net,Female,31.244.213.17
71,Lebbie,Byham,lbyham1y@cam.ac.uk,Female,147.24.217.49
72,Allix,Jojic,ajojic1z@over-blog.com,Female,180.63.191.32
73,Lewes,Giraldez,,Male,27.110.254.126
74,Maxy,Slobom,mslobom21@thetimes.co.uk,Male,129.210.142.87
75,Pearce,Scurrah,pscurrah22@so-net.ne.jp,Male,16.166.103.253
76,Chucho,Crankshaw,ccrankshaw23@webmd.com,Male,24.68.123.217
77,Lazare,Drought,ldrought24@nytimes.com,Male,28.184.37.216
78,Corri,Tomney,ctomney25@meetup.com,Female,6.158.226.217
79,Deonne,Hurburt,dhurburt26@nytimes.com,Female,179.76.88.182
80,Kerrin,MacDunleavy,kmacdunleavy27@angelfire.com,Female,201.151.221.108
81,Taddeo,Lecordier,tlecordier28@lycos.com,Male,252.220.39.250
82,Elonore,Ramberg,eramberg29@npr.org,Female,206.226.124.255
83,Alie,Twohig,atwohig2a@sfgate.com,Polygender,137.146.249.83
84,Cammy,Wardall,cwardall2b@ebay.co.uk,Female,134.100.224.112
85,Shamus,Crossfield,scrossfield2c@blogger.com,Male,172.186.58.0
86,Andrej,Spratt,aspratt2d@cbslocal.com,Male,170.178.201.249
87,Darrin,Nevett,dnevett2e@deliciousdays.com,Male,38.239.217.137
88,Concordia,Huggett,chuggett2f@boston.com,Female,60.19.167.57
89,Claresta,Creffeild,ccreffeild2g@sciencedaily.com,,231.134.215.12
90,Lilllie,Fuzzens,lfuzzens2h@edublogs.org,Female,192.111.152.198
91,Dix,Piele,dpiele2i@accuweather.com,Female,30.61.101.29
92,Kendell,Macquire,kmacquire2j@bing.com,Male,97.115.181.29
93,Artemas,Bowditch,abowditch2k@elpais.com,Male,55.10.107.77
94,Drew,Hutt,dhutt2l@ca.gov,Male,176.37.232.70
95,Philis,Lermouth,plermouth2m@wisc.edu,Female,140.74.12.59
96,Marta,Mannin,mmannin2n@netscape.com,Female,158.99.7.154
97,Carilyn,Dungey,cdungey2o@addtoany.com,Female,178.20.251.115
98,Gerard,Cavozzi,gcavozzi2p@cafepress.com,Male,112.185.55.111
99,Merrile,Trulock,mtrulock2q@businessinsider.com,Female,105.166.221.33
100,Ciel,Loveitt,cloveitt2r@arizona.edu,Female,213.72.83.58
101,Berny,Corey,bcorey2s@irs.gov,Male,101.96.138.140
102,Elvin,Parmiter,eparmiter2t@goo.gl,Male,118.66.9.254
103,Rebecca,Rhydderch,rrhydderch2u@tripod.com,Female,87.159.164.66
104,Jaimie,Favill,jfavill2v@whitehouse.gov,Female,198.254.94.228
105,Samantha,Lattka,slattka2w@loc.gov,Female,86.33.151.124
106,Freddi,Well,fwell2x@intel.com,Female,218.209.118.75
107,Corrinne,Scopham,cscopham2y@toplist.cz,Female,131.200.88.227
108,Tabor,Guilliatt,tguilliatt2z@cpanel.net,,92.110.57.35
109,Tonia,McCamish,tmccamish30@sitemeter.com,Female,138.60.111.28
110,Jules,Isted,jisted31@theguardian.com,Male,53.167.138.33
111,Alisha,Janiak,ajaniak32@tumblr.com,Female,115.248.126.75
112,Garry,Spehr,gspehr33@usa.gov,Male,144.200.44.121
113,Keeley,Reddecliffe,kreddecliffe34@ibm.com,Female,244.215.187.28
114,Gregory,Brundall,gbrundall35@youtube.com,Male,39.42.113.138
115,Stanislas,Alday,salday36@tiny.cc,Male,101.65.54.231
116,Jehanna,Lorence,jlorence37@geocities.jp,Female,244.73.181.101
117,Jayme,Dalwood,jdalwood38@people.com.cn,Female,131.214.103.81
118,Gilli,Sarjeant,gsarjeant39@europa.eu,Female,131.118.69.155
119,Izak,Isham,iisham3a@nps.gov,Male,146.83.21.24
120,Natty,Thornham,nthornham3b@google.pl,Agender,24.240.57.55
121,Enrica,Bloan,ebloan3c@cnn.com,Female,108.227.163.206
122,Cybill,Jeandeau,cjeandeau3d@zdnet.com,Female,202.147.229.44
123,Marco,Skarr,mskarr3e@nba.com,Male,195.216.91.187
124,Riobard,Kordes,rkordes3f@google.it,Male,70.102.117.211
125,Patric,Skentelbury,pskentelbury3g@sun.com,Male,75.116.48.251
126,Brand,Reck,breck3h@weibo.com,Male,200.20.187.108
127,Ulric,Merman,umerman3i@wordpress.com,Male,121.18.26.8
128,Brena,McIlwrath,bmcilwrath3j@360.cn,Female,96.191.234.148
129,Mead,Mincini,mmincini3k@surveymonkey.com,Male,144.40.193.137
130,Adolpho,Fortesquieu,afortesquieu3l@hostgator.com,Male,244.199.240.93
131,Roderich,Briat,rbriat3m@indiegogo.com,Male,178.107.176.66
132,Darill,Twelvetree,dtwelvetree3n@qq.com,Male,132.202.179.210
133,Margot,Skeldon,mskeldon3o@sina.com.cn,Female,131.133.112.213
134,Bertie,Blaes,bblaes3p@t-online.de,Male,66.200.172.219
135,Yolane,Seebright,yseebright3q@51.la,Female,199.251.122.105
136,Pepi,Chave,pchave3r@blogtalkradio.com,Female,194.94.229.162
137,Dyanna,Tocque,dtocque3s@hp.com,Female,84.235.29.27
138,Farr,Cronin,fcronin3t@chronoengine.com,Male,111.177.87.231
139,Cathy,Dorrance,cdorrance3u@stumbleupon.com,Female,117.42.220.102
140,Baxter,Bangham,bbangham3v@godaddy.com,Male,179.174.56.144
141,Cinderella,Attaway,cattaway3w@patch.com,Female,132.127.45.213
142,Rochelle,Dearnly,rdearnly3x@gov.uk,Female,120.115.251.250
143,Rosanna,Thurborn,rthurborn3y@xinhuanet.com,Female,219.184.35.218
144,Conn,Shawley,cshawley3z@cornell.edu,Male,43.69.189.154
145,Rayna,,rmaith40@nydailynews.com,Female,175.95.16.117
146,Dodie,Bayne,dbayne41@slideshare.net,Female,40.236.66.228
147,Allyce,Laphorn,alaphorn42@sogou.com,Female,96.41.101.247
148,Kamila,Aslott,kaslott43@yahoo.co.jp,Female,20.54.66.141
149,Lovell,Tacey,ltacey44@biglobe.ne.jp,Male,206.57.251.3
150,Milt,Jedrzejczak,mjedrzejczak45@virginia.edu,Male,133.114.147.138
151,Abby,Cashley,acashley46@netvibes.com,Male,9.237.32.28
152,Ravid,Dassindale,rdassindale47@ebay.co.uk,Male,123.48.169.159
153,Antonia,Deam,adeam48@examiner.com,Female,98.214.18.159
154,Wesley,Silverston,wsilverston49@list-manage.com,Male,154.88.177.40
155,Alidia,McCuaig,amccuaig4a@usgs.gov,Female,44.230.100.160
156,Dominique,Ewbanke,dewbanke4b@oaic.gov.au,Female,217.3.115.11
157,Rriocard,Suthren,rsuthren4c@oracle.com,Male,14.177.129.102
158,Susanetta,Wilsey,swilsey4d@google.com.au,Female,154.46.15.139
159,Kessia,Dellenbroker,kdellenbroker4e@yolasite.com,Female,168.236.9.242
160,Katusha,Peet,kpeet4f@opera.com,Female,174.237.85.26
161,Essy,Karchewski,ekarchewski4g@dailymail.co.uk,Female,212.63.33.44
162,Alistair,Goundrill,agoundrill4h@hc360.com,Male,142.128.188.22
163,Arri,Tonbye,atonbye4i@1688.com,Male,224.128.99.172
164,Shoshana,Fonso,sfonso4j@elegantthemes.com,Female,27.10.222.11
165,Yehudit,Wenger,ywenger4k@yellowpages.com,Male,140.109.231.197
166,Carmen,Burress,cburress4l@usnews.com,Female,146.25.151.187
167,Brenn,Cowpe,bcowpe4m@constantcontact.com,Female,100.211.67.193
168,Taffy,Mulhill,tmulhill4n@blogtalkradio.com,Female,213.239.50.228
169,Giovanna,Farnes,gfarnes4o@123-reg.co.uk,Female,210.29.208.133
170,Conny,Tacey,ctacey4p@ning.com,Male,109.111.178.213
171,Marietta,Hriinchenko,mhriinchenko4q@netvibes.com,Female,203.103.104.244
172,Moll,Jenckes,mjenckes4r@fc2.com,Female,199.118.22.238
173,Jermaine,Hazeldine,jhazeldine4s@qq.com,Female,165.37.195.104
174,Shannon,Drinkel,sdrinkel4t@google.com,Male,72.75.114.236
175,Ernest,Ling,eling4u@nifty.com,Male,228.54.213.137
176,Brewer,Semechik,bsemechik4v@hexun.com,Male,102.132.229.108
177,Angele,Sandle,asandle4w@google.com.hk,Female,111.144.249.82
178,Olympia,Killingback,okillingback4x@salon.com,Female,46.184.124.8
179,Marchall,Guiness,mguiness4y@indiatimes.com,Male,82.115.148.145
180,Ailsun,Bradshaw,abradshaw4z@discovery.com,Female,199.16.248.196
181,Saidee,Hampe,shampe50@umich.edu,Female,126.225.225.81
182,Albina,D'Avaux,adavaux51@theguardian.com,Polygender,190.101.103.199
183,Glenn,Hagwood,ghagwood52@canalblog.com,Female,144.183.243.229
184,Zena,Marchiso,zmarchiso53@usa.gov,Female,241.57.128.22
185,Abigail,Yellop,ayellop54@si.edu,Female,133.111.246.55
186,Dugald,Newlands,dnewlands55@earthlink.net,Male,25.84.200.228
187,Hetty,McIlheran,hmcilheran56@shutterfly.com,Female,146.230.42.28
188,Jaquenette,Hartrick,jhartrick57@reddit.com,Female,151.235.53.150
189,Lynn,Tedridge,ltedridge58@a8.net,Male,210.55.238.145
190,Alexandros,Alban,aalban59@foxnews.com,Agender,157.56.156.112
191,Fannie,Erswell,ferswell5a@newyorker.com,Female,94.145.97.152
192,Kristopher,Showell,kshowell5b@nhs.uk,Polygender,232.3.225.253
193,Conney,Cramond,ccramond5c@dailymail.co.uk,Male,44.87.27.173
194,Sal,Huetson,shuetson5d@gizmodo.com,Male,163.213.60.201
195,Kristine,Wordington,kwordington5e@about.com,Female,78.229.173.125
196,Midge,Pulley,mpulley5f@4shared.com,Female,96.6.102.168
197,Jade,Lapthorn,jlapthorn5g@cbc.ca,Female,88.150.68.182
198,Torrey,Haveline,thaveline5h@ca.gov,Male,214.91.196.117
199,Lucretia,Zoane,lzoane5i@liveinternet.ru,Genderqueer,91.190.93.21
200,Janeczka,Blandamere,jblandamere5j@nyu.edu,Female,218.137.110.196
201,Odille,Carmo,ocarmo5k@blinklist.com,Female,225.216.132.105
202,Derwin,Athey,dathey5l@ning.com,Male,174.191.103.172
203,Laina,Cromb,lcromb5m@soup.io,Female,126.23.165.210
204,Chrisse,Deplacido,cdeplacido5n@smugmug.com,Male,218.228.154.252
205,Robbi,Elgram,relgram5o@yahoo.co.jp,Female,89.52.225.196
206,Goldy,Moss,gmoss5p@webmd.com,Female,197.66.193.45
207,Maryann,Huyche,mhuyche5q@nps.gov,Female,201.110.181.85
208,Jae,Fishbourn,jfishbourn5r@pcworld.com,Male,219.206.181.37
209,Hedwig,Stuttard,hstuttard5s@disqus.com,Female,51.245.247.98
210,Samuel,Sambedge,ssambedge5t@xrea.com,Male,133.72.61.234
211,Basile,Harragin,bharragin5u@nydailynews.com,Polygender,136.201.160.54
212,Maximilien,Gray,mgray5v@de.vu,Male,119.190.190.137
213,Oberon,Sousa,osousa5w@123-reg.co.uk,Male,151.46.24.187
214,Hartley,Landon,hlandon5x@fda.gov,Male,162.45.170.30
215,Moses,Smorfit,msmorfit5y@globo.com,Male,9.103.22.207
216,Diane,Asplen,dasplen5z@bigcartel.com,Female,183.253.55.40
217,Essie,Grant,egrant60@theatlantic.com,Female,1.252.239.242
218,Candis,Igonet,cigonet61@gravatar.com,Female,164.107.224.152
219,Martita,Casaccia,mcasaccia62@wordpress.com,Female,30.186.128.148
220,Brock,Robbel,brobbel63@hexun.com,Agender,15.214.11.2
221,Arabele,Avrashin,aavrashin64@ebay.com,Female,156.35.249.141
222,Freddi,Artingstall,fartingstall65@google.es,Female,147.108.158.13
223,Chrysler,Squirrel,csquirrel66@patch.com,Female,72.254.18.55
224,Reginald,Shouler,rshouler67@thetimes.co.uk,Male,187.201.34.105
225,Tammi,Rhead,trhead68@wsj.com,Female,168.80.3.60
226,Rose,Hallatt,rhallatt69@arizona.edu,Female,76.20.126.111
227,Tam,Fosserd,tfosserd6a@census.gov,Male,33.201.184.122
228,Penny,Matantsev,pmatantsev6b@youtube.com,Male,99.140.9.114
229,Tara,Athersmith,tathersmith6c@clickbank.net,Female,0.93.60.62
230,Val,Marston,vmarston6d@sogou.com,Male,33.26.30.187
231,Winnie,Jaggers,wjaggers6e@multiply.com,Genderfluid,32.251.118.23
232,Marley,Cleveland,mcleveland6f@virginia.edu,Female,114.25.106.191
233,Carol,Branscombe,cbranscombe6g@webs.com,Female,140.175.230.235
234,Dilan,Kits,dkits6h@wp.com,Male,204.33.92.87
235,Chloris,Poletto,cpoletto6i@myspace.com,Female,86.10.117.6
236,Corabella,MacGown,cmacgown6j@cyberchimps.com,Female,138.28.219.122
237,Beulah,Adey,badey6k@theglobeandmail.com,Female,115.255.104.216
238,Sibel,Feldstern,sfeldstern6l@xinhuanet.com,Female,69.235.242.53
239,Quintin,O'Fogarty,qofogarty6m@discuz.net,Male,133.215.43.112
240,Jarad,Sellstrom,jsellstrom6n@com.com,Male,62.175.86.176
241,Hailey,Pirelli,hpirelli6o@clickbank.net,Polygender,125.68.39.227
242,Kain,Halliberton,khalliberton6p@admin.ch,Male,234.74.30.213
243,Grenville,Solleme,gsolleme6q@prweb.com,Male,177.122.232.222
244,Joan,Lalonde,jlalonde6r@yelp.com,Female,198.247.165.104
245,Pauly,Berney,pberney6s@friendfeed.com,Male,5.22.180.74
246,Lari,Robberts,lrobberts6t@e-recht24.de,Female,154.248.246.224
247,Norina,Glidden,nglidden6u@w3.org,Female,35.6.67.184
248,Carmelina,Taks,ctaks6v@multiply.com,Female,69.188.145.99
249,Ardene,Ruslinge,aruslinge6w@friendfeed.com,Female,7.232.79.29
250,Hy,Repp,hrepp6x@a8.net,Male,150.146.69.90
251,Adler,Brookhouse,abrookhouse6y@house.gov,Male,186.94.48.140
252,Tulley,Shilling,tshilling6z@topsy.com,Male,252.21.153.200
253,Sofie,Levis,slevis70@shutterfly.com,Female,21.183.249.59
254,Keane,Reddyhoff,kreddyhoff71@mtv.com,Male,58.10.207.217
255,Lettie,Kaas,lkaas72@nationalgeographic.com,Female,188.88.143.212
256,Cobbie,Silvester,csilvester73@amazon.com,Male,111.99.154.112
257,Milzie,Brigshaw,mbrigshaw74@purevolume.com,Female,58.232.196.253
258,Seth,Phillp,sphillp75@naver.com,Non-binary,216.115.220.247
259,Marion,Acosta,macosta76@utexas.edu,Female,95.253.29.4
260,Ansel,Ashpole,aashpole77@imgur.com,Male,242.72.138.107
261,Karissa,Desport,kdesport78@google.com.br,Female,1.181.191.147
262,Thalia,Pendall,tpendall79@walmart.com,Female,209.40.217.219
263,Neil,Beslier,nbeslier7a@mail.ru,Male,137.109.4.171
264,Emmeline,Davys,edavys7b@nymag.com,Female,103.18.34.86
265,Christine,Favela,cfavela7c@bandcamp.com,Female,121.223.164.5
266,Markos,Brunn,mbrunn7d@mapy.cz,,245.169.86.212
267,Gabey,Tichelaar,gtichelaar7e@ihg.com,Female,23.163.248.181
268,Petrina,Scoble,pscoble7f@rambler.ru,Female,242.76.220.16
269,Lil,Sebastian,lsebastian7g@themeforest.net,Female,27.220.146.61
270,Libbey,Riddiough,lriddiough7h@ameblo.jp,Female,183.57.16.121
271,Clarette,Chelsom,cchelsom7i@oakley.com,Female,24.110.202.107
272,Uri,Drage,udrage7j@hc360.com,Male,160.214.219.186
273,Latia,Pellitt,lpellitt7k@economist.com,Female,6.188.106.120
274,Sheila,Canacott,scanacott7l@vimeo.com,Female,141.71.68.137
275,Alvie,Dendle,adendle7m@gov.uk,Male,147.129.111.182
276,Andris,Judkin,ajudkin7n@tumblr.com,Male,175.73.157.81
277,Lory,Labusquiere,llabusquiere7o@technorati.com,Female,12.27.1.111
278,Candis,Quixley,cquixley7p@hubpages.com,Female,212.249.18.29
279,Mead,Emanuelli,memanuelli7q@printfriendly.com,Female,98.94.80.183
280,Murdoch,Mutlow,mmutlow7r@hubpages.com,Male,0.160.186.220
281,Hilde,Trail,htrail7s@ucla.edu,Female,37.202.237.12
282,Zebedee,Ricart,zricart7t@vk.com,Male,171.109.125.238
283,Lauren,Maden,lmaden7u@loc.gov,Female,88.97.129.158
284,Jaquelin,Hamnet,jhamnet7v@time.com,Female,202.167.110.107
285,Gothart,Ledford,gledford7w@creativecommons.org,Male,255.10.24.107
286,Michelina,Hasson,mhasson7x@istockphoto.com,Female,77.179.223.220
287,Nataline,Sutlieff,nsutlieff7y@wufoo.com,Female,138.229.128.11
288,Emmalynn,Bissex,ebissex7z@surveymonkey.com,Female,203.118.74.200
289,Timmi,Pillifant,tpillifant80@liveinternet.ru,Female,22.158.108.132
290,Agatha,Mannion,amannion81@google.es,Polygender,55.38.60.82
291,Julius,Wallenger,jwallenger82@reuters.com,Male,149.119.190.116
292,Horatio,Simonard,hsimonard83@instagram.com,Male,174.55.115.137
293,Antonetta,Sprott,asprott84@digg.com,Female,150.137.81.201
294,Dylan,Wagg,dwagg85@live.com,Male,211.81.93.206
295,Juan,Craddock,jcraddock86@com.com,Male,131.83.202.194
296,Dusty,Totterdell,dtotterdell87@sun.com,Female,118.64.106.229
297,Sosanna,Enderwick,senderwick88@mail.ru,Female,145.129.177.95
298,Lyndel,Madge,lmadge89@jiathis.com,Female,60.46.248.65
299,Michel,Letts,mletts8a@gmpg.org,Bigender,92.114.124.193
300,Edd,Washtell,ewashtell8b@timesonline.co.uk,Male,34.237.70.227
301,Gypsy,Isaksen,gisaksen8c@fema.gov,Non-binary,55.108.204.134
302,Kirk,Monkman,kmonkman8d@patch.com,Male,15.157.174.240
303,Kiri,Sharpling,ksharpling8e@theatlantic.com,Female,171.213.70.223
304,Collin,Skin,cskin8f@ycombinator.com,Male,83.82.147.82
305,Dennie,Swadon,dswadon8g@shinystat.com,Female,118.123.204.255
306,Arlie,Rosso,arosso8h@google.co.jp,Female,22.167.147.103
307,Martainn,Lonergan,mlonergan8i@usa.gov,Male,66.193.200.167
308,Vere,Soames,vsoames8j@studiopress.com,Female,252.109.4.25
309,Melissa,Arrol,marrol8k@biblegateway.com,Female,62.28.62.136
310,Hermione,Wytchard,hwytchard8l@harvard.edu,Female,144.103.183.210
311,Javier,Keasey,jkeasey8m@cnbc.com,Male,136.117.17.14
312,Marje,Waiton,mwaiton8n@aboutads.info,Female,72.171.124.20
313,Veronica,O'Dunneen,vodunneen8o@qq.com,Female,71.65.11.160
314,Ezra,Bromont,ebromont8p@scribd.com,Male,187.158.181.110
315,Bendite,Vasilic,bvasilic8q@answers.com,Female,31.106.98.110
316,Regen,Parham,rparham8r@umn.edu,Male,23.72.20.122
317,Angeline,Lightwing,alightwing8s@comcast.net,Female,119.254.182.240
318,Orsa,Littleproud,olittleproud8t@ask.com,Female,158.59.91.153
319,Ruggiero,Eskriett,reskriett8u@4shared.com,Male,121.252.250.246
320,Tore,Leal,tleal8v@washingtonpost.com,Male,108.168.244.138
321,Aldon,Wordsworth,awordsworth8w@whitehouse.gov,Male,45.221.255.183
322,Chic,Langelaan,clangelaan8x@symantec.com,Male,159.170.89.223
323,Ulberto,Clew,uclew8y@indiegogo.com,Male,162.159.188.137
324,Rachelle,Kitchenman,rkitchenman8z@tripadvisor.com,Female,57.42.219.152
325,Wilfrid,Pluthero,wpluthero90@discuz.net,Male,36.19.36.138
326,Joyan,Hamsley,jhamsley91@live.com,Female,86.190.34.51
327,Filbert,Pottes,fpottes92@state.tx.us,Male,211.215.182.190
328,Emerson,Pendlebury,ependlebury93@opera.com,Male,79.174.152.188
329,Jud,Rops,jrops94@cnbc.com,Male,119.101.245.217
330,Pepillo,Whittick,pwhittick95@topsy.com,Male,107.73.249.11
331,Emelina,Barttrum,ebarttrum96@drupal.org,Female,123.145.14.233
332,Elysha,Ashleigh,eashleigh97@odnoklassniki.ru,Female,198.149.161.114
333,Granville,Gilhooley,ggilhooley98@mediafire.com,Male,12.162.65.9
334,Hadlee,Longmuir,hlongmuir99@flavors.me,Male,103.132.140.32
335,Fredek,Burgoyne,fburgoyne9a@independent.co.uk,Male,131.27.177.99
336,Ulises,Moody,umoody9b@epa.gov,Male,163.199.107.208
337,Randee,Hickinbottom,rhickinbottom9c@cbsnews.com,Female,50.4.105.57
338,Zebedee,Roper,zroper9d@cafepress.com,Male,170.142.77.133
339,Stavro,Jurczyk,sjurczyk9e@harvard.edu,Male,60.239.29.90
340,Giralda,Jecock,gjecock9f@hc360.com,Female,75.114.68.81
341,Ario,Kristoffersen,akristoffersen9g@tumblr.com,Male,69.147.58.231
342,Casandra,Matijevic,cmatijevic9h@rambler.ru,Female,120.246.225.81
343,Obed,Onion,oonion9i@bandcamp.com,Male,169.48.26.84
344,Janot,Copley,jcopley9j@whitehouse.gov,Genderfluid,204.172.142.145
345,Reade,Klosges,rklosges9k@360.cn,Male,141.168.202.114
346,Bibby,Tomlett,btomlett9l@ebay.co.uk,Female,158.52.235.199
347,Marylinda,Paolozzi,mpaolozzi9m@reuters.com,Female,157.75.152.72
348,Tremaine,Caesmans,tcaesmans9n@prweb.com,Male,197.92.105.52
349,Cortie,Skally,cskally9o@guardian.co.uk,Male,93.250.150.185
350,Fabiano,Grinter,fgrinter9p@ow.ly,Male,161.106.200.124
351,Petronia,Sparrowe,psparrowe9q@examiner.com,Female,168.75.65.133
352,Filia,O' Cloney,focloney9r@usatoday.com,Female,38.98.183.32
353,Annette,Bonnar,abonnar9s@sogou.com,Female,105.231.107.21
354,Cyrille,Noell,cnoell9t@cdc.gov,Male,144.231.47.29
355,David,Rosita,drosita9u@tripadvisor.com,Male,118.136.87.177
356,Ernst,Spurden,espurden9v@parallels.com,Male,190.203.96.208
357,Jacqui,Radden,jradden9w@irs.gov,Female,74.142.52.219
358,Cordie,Mant,cmant9x@blog.com,Male,190.181.58.28
359,Cassey,Klemz,cklemz9y@prlog.org,Female,13.156.18.168
360,Gayler,Hawtrey,ghawtrey9z@de.vu,Male,65.254.120.69
361,Kristin,Bacchus,kbacchusa0@posterous.com,Female,72.221.188.37
362,Timi,Blint,tblinta1@vimeo.com,Female,170.175.155.176
363,Millicent,Bernon,mbernona2@woothemes.com,Female,76.0.189.206
364,Christyna,Seathwright,cseathwrighta3@shinystat.com,Genderqueer,73.158.138.95
365,Kevyn,Cuppleditch,kcuppleditcha4@simplemachines.org,Female,47.9.158.65
366,Johnnie,Chessum,jchessuma5@nationalgeographic.com,Male,147.67.28.112
367,Edik,Girodon,egirodona6@51.la,Male,231.183.206.82
368,Elyssa,Matiashvili,ematiashvilia7@illinois.edu,Female,68.151.105.222
369,Marlee,Cameli,mcamelia8@google.ru,Bigender,126.118.188.19
370,Maura,Medling,mmedlinga9@yolasite.com,Female,198.14.68.226
371,Baxie,Kahane,bkahaneaa@home.pl,Male,139.198.127.41
372,Frank,Cyson,fcysonab@nydailynews.com,Male,51.191.45.45
373,Maryrose,Toderini,mtoderiniac@nsw.gov.au,Genderqueer,96.235.197.188
374,Dennie,Egglestone,degglestonead@ca.gov,Male,24.143.229.142
375,Diana,Book,dbookae@hibu.com,Female,0.104.150.71
376,Oliy,Bernardon,obernardonaf@mit.edu,Female,251.247.93.127
377,Betti,Sent,bsentag@examiner.com,Female,168.87.110.208
378,Sonya,Greschke,sgreschkeah@yolasite.com,Female,103.114.100.8
379,Fleming,Pycock,fpycockai@ifeng.com,Male,148.218.139.45
380,Gabbie,Habard,ghabardaj@aboutads.info,Male,223.88.0.155
381,Abbey,Galley,agalleyak@msu.edu,Male,202.0.38.47
382,Kerr,Spenton,kspentonal@ucoz.com,Male,229.139.23.216
383,Gloria,Ferreiro,gferreiroam@163.com,Female,47.73.99.97
384,Seline,Devany,sdevanyan@angelfire.com,Female,102.77.43.117
385,Olenolin,Tredget,otredgetao@alexa.com,Male,156.72.90.195
386,Agosto,Heller,ahellerap@exblog.jp,Agender,49.45.39.138
387,Lowell,Ratray,lratrayaq@latimes.com,Male,91.27.160.78
388,Emile,Konzelmann,ekonzelmannar@ca.gov,Genderfluid,222.60.247.78
389,Doralyn,Livens,dlivensas@ycombinator.com,Female,60.145.59.205
390,Berkley,MacGilmartin,bmacgilmartinat@noaa.gov,Male,0.208.226.31
391,Chrystal,Henstone,chenstoneau@blogtalkradio.com,Female,133.136.114.92
392,Margarete,Gligoraci,mgligoraciav@mashable.com,Female,202.81.237.26
393,Odette,McCheyne,omccheyneaw@4shared.com,Female,11.150.217.228
394,Nerita,Genese,ngeneseax@weibo.com,Female,115.43.69.110
395,Chandal,Mourton,cmourtonay@skyrock.com,Female,26.125.211.201
396,Peyter,Mengo,pmengoaz@upenn.edu,Male,6.81.228.64
397,Emelita,Horsewood,ehorsewoodb0@dot.gov,Female,84.36.148.162
398,Leonie,Putman,lputmanb1@guardian.co.uk,Female,223.215.35.68
399,Boniface,Pettyfer,bpettyferb2@ucla.edu,Male,150.159.125.86
400,Lorant,Clotworthy,lclotworthyb3@flavors.me,Male,71.103.23.150
401,Mattheus,Correa,mcorreab4@google.ca,Male,198.98.63.191
402,Shelly,Callington,scallingtonb5@yellowpages.com,Female,155.97.15.21
403,Padraig,Colleford,pcollefordb6@pinterest.com,Male,150.172.60.146
404,Madelina,Blankman,mblankmanb7@altervista.org,Female,14.128.215.223
405,Mord,Dovington,mdovingtonb8@hhs.gov,Male,39.48.92.113
406,Wolfgang,Paulson,wpaulsonb9@disqus.com,Male,111.53.166.36
407,Warde,Olrenshaw,wolrenshawba@mashable.com,Male,83.98.221.146
408,Glen,Ribbon,gribbonbb@ca.gov,Male,252.50.83.190
409,Shelby,Monan,smonanbc@youtube.com,Polygender,244.92.4.134
410,Salvatore,Figures,sfiguresbd@fotki.com,Male,71.90.147.101
411,Sutherlan,Christensen,schristensenbe@army.mil,Male,131.46.63.178
412,Cahra,Houndsom,choundsombf@mysql.com,Female,195.231.191.77
413,Gertrudis,Mayoral,,Female,60.249.73.144
414,Missy,Duplan,mduplanbh@google.ru,Female,34.83.184.75
415,Boigie,Giacoboni,bgiacobonibi@ezinearticles.com,Male,207.196.43.67
416,Warren,Koubek,wkoubekbj@sfgate.com,Male,174.232.183.251
417,Carina,Kinchington,ckinchingtonbk@github.io,Female,165.2.77.83
418,Johnathan,Hirsch,jhirschbl@wired.com,Male,198.140.151.255
419,Charmine,Reignard,creignardbm@cocolog-nifty.com,Female,86.103.202.33
420,Rozamond,Kyneton,rkynetonbn@jalbum.net,Female,149.127.247.161
421,Yoshiko,Coulman,ycoulmanbo@rakuten.co.jp,Female,128.195.238.89
422,West,Yanson,wyansonbp@hatena.ne.jp,Male,36.230.220.31
423,Dewitt,Shipcott,dshipcottbq@google.ca,Male,170.73.10.142
424,Connie,Scritch,cscritchbr@goo.ne.jp,Male,235.155.253.128
425,Tonie,Skowcraft,tskowcraftbs@omniture.com,Female,135.21.200.236
426,Wilow,Kaye,wkayebt@wikimedia.org,Female,72.172.123.12
427,Kimberlee,Benton,kbentonbu@spotify.com,Female,21.233.189.199
428,Conni,Atger,catgerbv@nature.com,Female,215.186.99.34
429,Letta,Vasin,lvasinbw@china.com.cn,Female,168.27.165.54
430,Lorry,Klimschak,lklimschakbx@mashable.com,Male,251.16.221.255
431,Kelcey,Wilgar,kwilgarby@vistaprint.com,Female,69.147.178.251
432,Alvie,Taggerty,ataggertybz@goodreads.com,Male,173.95.166.107
433,Adrianna,Nizet,anizetc0@eepurl.com,Female,63.226.133.240
434,Claudell,Alentyev,calentyevc1@blinklist.com,Genderqueer,67.203.70.166
435,Alexa,Kroin,akroinc2@engadget.com,Female,106.147.179.138
436,Cordelia,Jeays,cjeaysc3@google.de,Female,31.128.22.90
437,Lanie,Hebron,lhebronc4@pbs.org,Male,81.145.174.164
438,Ethe,Greenard,egreenardc5@bigcartel.com,Male,126.10.251.47
439,Bertine,Harber,bharberc6@disqus.com,Bigender,84.43.247.122
440,Algernon,Kubicka,akubickac7@de.vu,Male,128.50.92.23
441,Benjamin,Paulou,bpaulouc8@who.int,Male,152.76.115.36
442,Margalo,Fernandez,mfernandezc9@bbb.org,Female,48.220.84.3
443,Marian,Byard,mbyardca@dailymotion.com,Female,251.13.121.27
444,Mylo,Renac,mrenaccb@cornell.edu,Male,251.255.20.108
445,Tiffanie,Upson,tupsoncc@networksolutions.com,Female,68.230.126.63
446,Gorden,Matitiaho,gmatitiahocd@dailymotion.com,Genderfluid,152.94.242.201
447,Sandy,Goning,sgoningce@ovh.net,Male,219.186.239.53
448,Amby,Goodyear,agoodyearcf@seattletimes.com,Male,39.108.216.55
449,Guss,Felmingham,gfelminghamcg@google.com.hk,Polygender,159.165.134.62
450,Susana,Sawyer,ssawyerch@senate.gov,Female,53.37.102.52
451,Bobbie,Godin,bgodinci@yahoo.co.jp,Female,177.27.162.222
452,Derk,Wharf,dwharfcj@sohu.com,Male,29.62.67.139
453,Cherye,Gatchel,cgatchelck@soundcloud.com,Female,236.66.204.183
454,Hercule,Reddy,hreddycl@virginia.edu,Male,220.146.144.90
455,Persis,Jeacocke,pjeacockecm@fc2.com,Female,135.116.70.123
456,Ronny,Mordy,rmordycn@plala.or.jp,Male,198.148.208.56
457,Kenyon,Thying,kthyingco@buzzfeed.com,Male,133.30.255.147
458,Garret,Ronayne,gronaynecp@berkeley.edu,Polygender,119.248.210.207
459,Billie,Comar,bcomarcq@plala.or.jp,Male,146.122.130.180
460,Clarke,Lyddyard,clyddyardcr@europa.eu,Male,247.199.33.102
461,Audy,Scally,ascallycs@xrea.com,Female,10.245.174.34
462,Ignaz,Highnam,ihighnamct@cnn.com,Male,230.138.251.95
463,Weidar,Bonafant,wbonafantcu@bravesites.com,Male,5.105.251.53
464,Jonah,Simnell,jsimnellcv@shareasale.com,Male,132.62.189.51
465,Ricki,Neward,rnewardcw@google.co.jp,Male,40.251.65.106
466,Georgianna,Shegog,gshegogcx@fastcompany.com,Female,164.99.86.67
467,Zandra,Dye,zdyecy@dailymotion.com,Female,253.0.76.77
468,Alica,Caslett,acaslettcz@europa.eu,Female,50.212.67.87
469,Marijn,Reoch,mreochd0@youku.com,Male,131.249.140.74
470,Mic,Stokes,mstokesd1@deliciousdays.com,Male,136.221.154.20
471,Sallee,Tyrone,styroned2@csmonitor.com,Female,36.171.35.146
472,Magdaia,Hacard,mhacardd3@cyberchimps.com,Agender,50.254.137.114
473,Iorgos,Huggett,ihuggettd4@youtu.be,Male,213.126.156.167
474,Tana,Breukelman,tbreukelmand5@nhs.uk,Female,223.226.79.186
475,Barry,Scadden,bscaddend6@statcounter.com,Female,236.151.244.41
476,Abdel,O'Donnell,aodonnelld7@usnews.com,Genderfluid,43.249.80.190
477,Selie,Torbet,storbetd8@uiuc.edu,Female,154.208.140.96
478,Bob,Shevelin,bshevelind9@go.com,Male,83.180.181.252
479,Conrade,Lumb,clumbda@thetimes.co.uk,Male,153.139.8.67
480,Thomasa,Sawfoot,tsawfootdb@dot.gov,Female,115.167.19.51
481,Zane,Le Port,zleportdc@ocn.ne.jp,Male,9.140.47.126
482,Harp,Wozencroft,hwozencroftdd@jimdo.com,Male,255.103.191.5
483,Elnora,Dibbin,edibbinde@fda.gov,Female,222.187.100.245
484,Rriocard,Beevers,rbeeversdf@1688.com,Male,127.127.20.127
485,Cornelle,Cecchi,ccecchidg@wsj.com,Female,207.175.48.107
486,Farleigh,O'Lennachain,folennachaindh@marriott.com,Male,112.154.131.176
487,Alica,Mollett,amollettdi@qq.com,Female,249.152.135.72
488,Larisa,Vsanelli,lvsanellidj@hubpages.com,Female,203.0.30.221
489,Gwendolyn,Deschelle,gdeschelledk@engadget.com,Female,52.63.22.5
490,Duffy,Hadcroft,dhadcroftdl@exblog.jp,Male,55.119.199.185
491,Derby,Aubin,daubindm@goo.gl,Bigender,254.230.63.179
492,Boote,Saffe,bsaffedn@dropbox.com,Male,112.176.174.10
493,Cara,Selman,cselmando@google.pl,Female,143.64.225.241
494,Wolfy,Cansfield,wcansfielddp@bloglovin.com,Male,156.179.157.213
495,Deeann,Osbourne,dosbournedq@xrea.com,Female,150.245.32.13
496,Marge,Harses,mharsesdr@wikispaces.com,Female,35.43.114.245
497,Sumner,Dunklee,sdunkleeds@ca.gov,Male,44.244.18.59
498,Averil,Dwelling,adwellingdt@businessinsider.com,Female,130.246.102.237
499,Bancroft,Husband,bhusbanddu@mediafire.com,Male,106.220.20.174
500,Stanford,Bidgod,sbidgoddv@pagesperso-orange.fr,Male,193.131.44.143
501,Sybille,Atcheson,satchesondw@rakuten.co.jp,Female,91.135.106.106
502,Dorothea,Sainte Paul,dsaintepauldx@sfgate.com,Female,158.160.201.69
503,Giorgio,Purveys,gpurveysdy@ucla.edu,Male,13.92.171.96
504,Dru,Cuerdall,dcuerdalldz@naver.com,Male,210.248.241.93
505,Herby,Rockcliffe,hrockcliffee0@wufoo.com,Male,94.190.170.135
506,Karlens,McNalley,kmcnalleye1@bloglovin.com,Male,124.223.49.50
507,Thor,Priestnall,tpriestnalle2@rakuten.co.jp,Male,121.92.251.207
508,Leticia,Emburey,lembureye3@rediff.com,Female,189.217.89.105
509,Rozina,Marfield,rmarfielde4@google.ru,Female,26.136.29.128
510,Lizette,Gilligan,lgilligane5@bluehost.com,Female,10.207.170.46
511,Ash,Hurtado,ahurtadoe6@etsy.com,Male,205.166.11.210
512,Leonhard,Duchasteau,lduchasteaue7@amazon.com,Male,122.39.150.139
513,Dayna,Stilliard,dstilliarde8@ucla.edu,Female,70.161.97.202
514,Estele,McMillan,emcmillane9@addthis.com,Genderqueer,224.40.102.131
515,Moina,Putterill,mputterillea@vkontakte.ru,Female,4.104.238.77
516,Peter,Dunford,pdunfordeb@economist.com,Male,244.61.178.129
517,Kassi,Evans,kevansec@mit.edu,Agender,232.141.72.23
518,Neala,Delieu,ndelieued@studiopress.com,Female,30.231.64.199
519,Toby,Rickeard,trickeardee@digg.com,Female,217.66.46.122
520,Bar,Cometto,bcomettoef@freewebs.com,Male,170.188.115.184
521,Levey,Lomis,llomiseg@nature.com,Male,58.40.212.19
522,Vince,Aspital,vaspitaleh@ehow.com,Male,74.66.164.25
523,Morganne,Olsen,molsenei@typepad.com,Female,122.76.243.152
524,Burnard,Judge,bjudgeej@japanpost.jp,Male,152.72.13.49
525,Diann,Crang,dcrangek@symantec.com,Female,42.163.52.163
526,Debbie,Paur,dpaurel@simplemachines.org,Female,107.237.79.215
527,Early,Packe,epackeem@spiegel.de,Male,79.214.225.199
528,Nichols,MacCosto,nmaccostoen@sakura.ne.jp,Male,72.239.203.120
529,Reinaldo,Stickells,rstickellseo@ameblo.jp,Male,95.205.136.99
530,Vasilis,Dagon,vdagonep@scribd.com,Male,36.165.227.39
531,Lorens,Gellibrand,lgellibrandeq@liveinternet.ru,Male,147.92.100.99
532,Lanita,Chettle,lchettleer@msn.com,Female,106.188.243.219
533,Wes,Sherburn,wsherburnes@imdb.com,Male,46.105.174.218
534,Kelly,Pirie,kpirieet@mtv.com,Male,243.208.95.70
535,Edithe,Hastilow,ehastiloweu@dropbox.com,Female,149.141.149.197
536,Leonelle,Sandever,lsandeverev@seesaa.net,Female,65.246.27.13
537,Delila,Knee,dkneeew@java.com,Female,136.165.42.253
538,Hedvige,Darlow,hdarlowex@adobe.com,Female,155.147.226.89
539,Theresita,Leabeater,tleabeaterey@epa.gov,Female,211.155.57.117
540,Sula,Tupling,stuplingez@dot.gov,Female,122.192.235.109
541,Krista,Fowls,kfowlsf0@walmart.com,Female,179.26.60.227
542,Christie,Tudball,ctudballf1@slate.com,Male,223.120.172.155
543,Bessy,Mousley,bmousleyf2@zdnet.com,Female,217.118.64.87
544,Farlee,Patrono,fpatronof3@mail.ru,Male,164.67.57.39
545,Nettle,Abraham,nabrahamf4@bigcartel.com,Female,53.35.194.7
546,Connie,Ellingford,cellingfordf5@archive.org,Female,188.43.235.214
547,Baudoin,Balhatchet,bbalhatchetf6@soup.io,Male,96.176.199.115
548,Bradly,Worham,bworhamf7@de.vu,Male,58.8.9.212
549,Ali,Gorsse,agorssef8@lulu.com,Male,76.168.111.108
550,Teddi,Divver,tdivverf9@zimbio.com,Female,138.198.194.168
551,Trstram,Millin,tmillinfa@accuweather.com,Male,73.238.65.25
552,Adlai,Bottini,abottinifb@bluehost.com,Male,245.132.199.87
553,Farris,Labbet,flabbetfc@answers.com,Non-binary,217.23.16.16
554,Nickolai,Rockey,nrockeyfd@sun.com,Polygender,163.240.227.0
555,Niall,Abyss,nabyssfe@samsung.com,Male,234.72.191.220
556,Beltran,Gritten,bgrittenff@ox.ac.uk,Male,16.244.226.122
557,Daveen,Olivari,dolivarifg@delicious.com,Female,185.235.253.245
558,Bar,Romanet,bromanetfh@salon.com,Male,164.220.179.229
559,Rick,Willimott,rwillimottfi@jiathis.com,Male,159.142.171.22
560,Korry,Tennison,ktennisonfj@is.gd,Female,181.152.168.106
561,Louisette,Fidler,lfidlerfk@blogs.com,Genderqueer,167.144.0.224
562,Athene,Watkin,awatkinfl@wikispaces.com,Female,31.252.0.12
563,Roger,Capoun,rcapounfm@hc360.com,Male,254.210.205.250
564,Trueman,Trebbett,ttrebbettfn@cpanel.net,Male,151.82.174.220
565,Rosanna,Konke,rkonkefo@homestead.com,Female,25.205.71.206
566,Stephani,Runnett,srunnettfp@slashdot.org,Polygender,249.177.37.239
567,Lynnelle,Mynett,lmynettfq@gnu.org,Female,191.54.33.206
568,Jobyna,Simco,jsimcofr@github.com,Female,87.143.59.50
569,Charisse,Hasty,chastyfs@google.com.br,Female,235.110.247.127
570,Teressa,le Keux,tlekeuxft@flickr.com,Female,38.71.232.163
571,Herc,Maffey,hmaffeyfu@wix.com,Male,181.229.31.180
572,Danielle,Chippindale,dchippindalefv@wikimedia.org,Female,44.12.62.217
573,Livvie,Poznanski,lpoznanskifw@vinaora.com,Female,129.72.182.131
574,Jordan,Auchterlony,jauchterlonyfx@upenn.edu,Female,127.147.203.86
575,Ernest,Conibear,econibearfy@issuu.com,Male,5.52.50.105
576,Merrick,Lewton,mlewtonfz@sun.com,Male,95.71.59.226
577,Lavinia,Wichard,lwichardg0@epa.gov,Female,26.237.179.244
578,Alard,Soall,asoallg1@cafepress.com,Male,97.97.218.15
579,Margit,McIlrath,mmcilrathg2@unesco.org,Female,254.232.131.205
580,Tuesday,Bingley,tbingleyg3@wikispaces.com,Female,240.231.95.27
581,Maurice,Bantham,mbanthamg4@wsj.com,Male,118.231.182.146
582,Eben,Martinie,emartinieg5@amazon.com,Male,90.121.133.64
583,Rowland,Itzhaiek,ritzhaiekg6@devhub.com,Male,2.192.235.230
584,Hynda,Baverstock,hbaverstockg7@bloglovin.com,Genderfluid,181.49.51.67
585,Samuele,Filippozzi,sfilippozzig8@google.com.br,Male,103.21.141.194
586,Cherilyn,Lethbrig,clethbrigg9@aboutads.info,Female,177.199.89.161
587,Artus,Pikesley,apikesleyga@kickstarter.com,Male,30.229.65.99
588,Harland,Fuentes,hfuentesgb@cnet.com,Male,124.197.215.200
589,Clevey,Veck,cveckgc@home.pl,Male,52.156.55.103
590,Chloette,Vause,cvausegd@acquirethisname.com,Female,151.177.139.86
591,Anne-corinne,Entwhistle,aentwhistlege@toplist.cz,Female,162.84.153.182
592,Karoly,,kcoopmangf@dion.ne.jp,Male,125.112.206.130
593,Quill,Daftor,qdaftorgg@whitehouse.gov,Male,43.59.33.246
594,Knox,MacGillacolm,kmacgillacolmgh@deliciousdays.com,Male,8.0.25.152
595,Manda,Huntingford,mhuntingfordgi@canalblog.com,Female,157.52.142.154
596,Eugene,Kneath,ekneathgj@google.ru,Genderqueer,141.9.38.77
597,Janis,Southgate,jsouthgategk@typepad.com,Female,176.194.42.16
598,Rustie,Parriss,rparrissgl@github.io,Male,0.34.216.26
599,Korney,Percival,kpercivalgm@economist.com,Female,171.206.145.147
600,Mariquilla,Roe,mroegn@paypal.com,Genderfluid,62.141.219.254
601,Joelynn,Luxton,jluxtongo@google.com.au,Female,13.180.240.180
602,Toby,Larret,tlarretgp@vkontakte.ru,Female,55.186.167.88
603,Nata,Lamberti,nlambertigq@joomla.org,Female,127.191.44.161
604,Stefan,Arbuckel,sarbuckelgr@adobe.com,Male,47.70.164.145
605,Manfred,Winteringham,mwinteringhamgs@wordpress.org,Male,5.96.104.183
606,Antonella,Loughman,aloughmangt@creativecommons.org,Female,127.119.25.113
607,Abner,Quinnet,aquinnetgu@github.com,Male,121.71.137.63
608,Calla,Poytheras,cpoytherasgv@flavors.me,Female,95.252.91.77
609,Omero,Ludlamme,oludlammegw@usatoday.com,Male,21.30.84.0
610,Lianne,de Najera,ldenajeragx@blogtalkradio.com,Female,14.174.95.46
611,Kamillah,Aronovitz,karonovitzgy@bing.com,Female,146.7.0.204
612,Binky,Attoc,battocgz@mysql.com,Male,6.203.137.104
613,Rafi,Humbee,rhumbeeh0@free.fr,Male,125.239.216.186
614,Kylie,Groome,kgroomeh1@apple.com,Male,127.157.38.249
615,Stella,Tohill,stohillh2@foxnews.com,Female,3.61.97.12
616,Salomone,Spritt,sspritth3@harvard.edu,Male,216.36.42.107
617,Ester,Banstead,ebansteadh4@google.com.au,Female,37.190.194.123
618,Christabel,Fawdrey,cfawdreyh5@netscape.com,Female,46.137.69.250
619,Humbert,Arne,harneh6@cdbaby.com,Agender,236.148.69.60
620,Durante,Tremellier,dtremellierh7@timesonline.co.uk,Male,216.105.199.156
621,Carmelita,Lawerence,clawerenceh8@people.com.cn,Female,236.160.29.211
622,Carlie,Winckworth,cwinckworthh9@vistaprint.com,Male,231.194.108.149
623,Cal,Key,ckeyha@oracle.com,Male,187.50.107.57
624,Mavra,Kitcat,mkitcathb@google.es,Female,73.153.24.248
625,Amble,Luc,aluchc@slashdot.org,Male,152.172.133.120
626,Karlik,Franseco,kfransecohd@admin.ch,Male,160.75.102.169
627,Wash,Wollen,wwollenhe@imgur.com,Male,247.236.221.183
628,Tadio,Stollman,tstollmanhf@bigcartel.com,Male,103.89.86.61
629,Chancey,Lewry,clewryhg@godaddy.com,Male,198.39.147.77
630,Bo,Gayter,bgayterhh@nbcnews.com,Male,54.178.195.158
631,Alexine,Southway,asouthwayhi@whitehouse.gov,Female,218.171.28.1
632,Tarra,Chattington,tchattingtonhj@seesaa.net,Female,28.241.87.28
633,Mike,Baildon,mbaildonhk@opensource.org,Male,127.102.252.90
634,Godfry,Maddra,gmaddrahl@domainmarket.com,Male,105.117.111.53
635,Kristal,Heskins,kheskinshm@kickstarter.com,Female,76.232.236.127
636,Alexi,Derks,aderkshn@chron.com,Female,65.114.188.162
637,Arda,Hellikes,ahellikesho@diigo.com,Female,60.48.224.163
638,Guss,Kingzett,gkingzetthp@imageshack.us,Male,156.186.175.10
639,Joshua,Colerick,jcolerickhq@friendfeed.com,Male,173.2.97.143
640,Gottfried,Dainter,gdainterhr@yahoo.co.jp,Male,67.217.114.94
641,Ali,Rogerot,arogeroths@rediff.com,Female,97.111.123.8
642,Sammie,Lovell,slovellht@bravesites.com,Male,172.249.184.119
643,Mac,Ferneley,mferneleyhu@simplemachines.org,Male,13.223.46.87
644,Annelise,Harwell,aharwellhv@unc.edu,Genderfluid,255.122.138.2
645,Zelma,Garstan,zgarstanhw@google.co.uk,Female,96.236.228.102
646,Cherlyn,Chettle,cchettlehx@webmd.com,Genderfluid,3.129.129.125
647,Esteban,Seatter,eseatterhy@godaddy.com,Male,210.230.206.247
648,Missy,Sparks,msparkshz@bloglovin.com,Female,210.80.174.208
649,Phaedra,Harriot,pharrioti0@cmu.edu,Female,92.143.194.99
650,Brose,Waterworth,bwaterworthi1@feedburner.com,Male,73.16.68.59
651,Benedicta,Gleeton,bgleetoni2@e-recht24.de,Female,251.173.41.238
652,Datha,Dunford,ddunfordi3@elegantthemes.com,Female,123.53.106.136
653,Anthony,Coraini,acorainii4@businessweek.com,Male,223.127.210.119
654,Ingemar,Scourge,iscourgei5@whitehouse.gov,Male,55.188.215.174
655,Erroll,Rubke,erubkei6@utexas.edu,Genderfluid,236.50.156.38
656,Lanette,McGarrie,lmcgarriei7@php.net,Female,176.118.223.193
657,Waylon,McQuillen,wmcquilleni8@hp.com,Male,187.142.154.142
658,Consalve,Matoshin,cmatoshini9@people.com.cn,Male,2.207.58.47
659,Amos,Brafferton,abraffertonia@seattletimes.com,Male,118.40.36.106
660,Tremaine,Chasteau,tchasteauib@soundcloud.com,Male,21.87.195.96
661,Genia,Patrono,gpatronoic@mozilla.org,Female,204.36.160.169
662,Viva,Gilbride,vgilbrideid@etsy.com,Female,6.110.219.57
663,Oliviero,Hughson,ohughsonie@over-blog.com,Male,115.125.246.89
664,Keelia,Godmer,kgodmerif@microsoft.com,Female,19.28.187.147
665,Amalle,Abbets,aabbetsig@flickr.com,Female,152.21.128.176
666,Al,Pirnie,apirnieih@bloglovin.com,Male,7.226.195.245
667,Bondy,Lettson,blettsonii@lycos.com,Male,240.55.104.248
668,Rosaline,Vasenin,rvaseninij@hexun.com,Non-binary,250.8.246.173
669,Lazar,McElhargy,lmcelhargyik@forbes.com,Male,119.200.251.210
670,Leopold,Clendennen,lclendennenil@ask.com,Male,81.249.181.36
671,Gianni,Guilder,gguilderim@nature.com,Male,28.196.90.165
672,Berny,Tallet,btalletin@wikispaces.com,Female,24.117.47.90
673,Melly,Tiebe,mtiebeio@php.net,Female,225.141.37.18
674,Valerye,Monson,vmonsonip@clickbank.net,Female,77.26.115.10
675,Massimiliano,Roddam,mroddamiq@fc2.com,Male,37.19.46.194
676,Helga,Outhwaite,houthwaiteir@1688.com,Genderqueer,49.117.74.151
677,Luigi,Kynoch,lkynochis@theatlantic.com,Male,154.14.8.121
678,Lanna,Edmeads,ledmeadsit@pcworld.com,Female,17.140.27.141
679,Carlita,Ivashintsov,civashintsoviu@howstuffworks.com,Female,167.132.202.114
680,Stanwood,Poppleston,spopplestoniv@com.com,Male,120.202.196.75
681,Norton,Gotts,ngottsiw@arizona.edu,Male,198.68.142.83
682,Luce,Izkovitz,lizkovitzix@cyberchimps.com,Female,48.20.31.205
683,Ainslie,Mabbs,amabbsiy@bbb.org,Female,189.38.165.35
684,Howey,Leversuch,hleversuchiz@miitbeian.gov.cn,Male,92.36.168.226
685,Julius,Weldrick,jweldrickj0@homestead.com,Male,254.136.189.124
686,Livy,Bannister,lbannisterj1@google.fr,Genderqueer,156.249.27.68
687,Tedmund,Gainsford,tgainsfordj2@nasa.gov,Male,171.133.85.253
688,Muire,Deeprose,mdeeprosej3@1688.com,Female,100.147.47.168
689,Alfreda,Proudlove,aproudlovej4@nps.gov,Female,46.132.1.94
690,Bronson,Lamperd,blamperdj5@booking.com,Male,148.157.145.71
691,Waly,MacDuffie,wmacduffiej6@microsoft.com,Female,212.132.64.78
692,Justino,Tume,jtumej7@dion.ne.jp,Bigender,48.230.30.73
693,Gabbie,Leile,gleilej8@shinystat.com,Female,50.176.16.229
694,Loree,Marron,lmarronj9@washingtonpost.com,Female,9.242.150.79
695,Brenn,Rowsel,browselja@jigsy.com,Female,124.230.155.166
696,Leodora,Karlowicz,lkarlowiczjb@google.ca,Female,249.85.247.250
697,Clayborn,Mosby,cmosbyjc@artisteer.com,Male,91.226.161.253
698,Grissel,Culp,gculpjd@feedburner.com,Agender,11.9.201.215
699,Wenda,Rumke,wrumkeje@phpbb.com,Female,21.254.24.181
700,Kirbee,Pidler,kpidlerjf@cdbaby.com,Female,48.7.185.100
701,Darla,Burdon,dburdonjg@360.cn,Non-binary,135.144.190.169
702,Lynnette,Borrott,lborrottjh@comsenz.com,Female,253.27.215.205
703,Hailey,Colliver,hcolliverji@prweb.com,Male,180.132.96.174
704,Mahmoud,Muirden,mmuirdenjj@ow.ly,Male,149.130.6.253
705,Lazar,McKimmie,lmckimmiejk@guardian.co.uk,Male,18.35.156.225
706,Clemmie,Dagg,cdaggjl@deliciousdays.com,Female,105.58.99.86
707,Kaspar,Mauger,kmaugerjm@amazon.com,Polygender,49.156.210.67
708,Carleen,Lamberth,clamberthjn@pagesperso-orange.fr,Female,125.5.167.98
709,Wilburt,Sherrell,wsherrelljo@addthis.com,Genderqueer,183.81.73.245
710,Carri,Chillingsworth,cchillingsworthjp@barnesandnoble.com,Non-binary,15.119.230.241
711,Norbert,Cansdall,ncansdalljq@reverbnation.com,Male,60.232.106.249
712,Yorgo,Pickersail,ypickersailjr@bbc.co.uk,Male,249.110.137.54
713,Saleem,Fouch,sfouchjs@geocities.com,Male,245.58.118.136
714,Tanny,Skellion,tskellionjt@newyorker.com,Male,179.22.110.254
715,Cyndia,Wedderburn,cwedderburnju@google.com.hk,Female,98.107.227.234
716,Berti,Hulburt,bhulburtjv@seesaa.net,Male,97.30.42.67
717,Dav,Ratt,drattjw@creativecommons.org,Male,64.172.27.181
718,Evangeline,Gadault,egadaultjx@hostgator.com,Female,39.30.194.37
719,Joela,Kilvington,jkilvingtonjy@pinterest.com,Female,8.141.253.92
720,Gwendolin,Dinan,gdinanjz@un.org,Female,196.242.105.65
721,Shepherd,Schoroder,sschoroderk0@diigo.com,Male,155.4.162.48
722,Ana,Mounter,amounterk1@webeden.co.uk,Bigender,70.105.161.150
723,Moreen,Mearing,mmearingk2@dailymotion.com,Female,198.118.168.97
724,Mickie,Mompesson,mmompessonk3@europa.eu,Male,186.154.213.240
725,Anjanette,Mosley,amosleyk4@a8.net,Female,246.95.169.185
726,Teirtza,Menis,tmenisk5@soup.io,Female,246.126.22.3
727,Lorrie,Flegg,lfleggk6@unesco.org,Female,98.155.165.134
728,Tyrone,Thewles,tthewlesk7@godaddy.com,Male,55.31.142.38
729,Cosme,Klyner,cklynerk8@godaddy.com,Male,147.233.242.199
730,Orran,Brahms,obrahmsk9@cmu.edu,Male,146.91.35.165
731,Sophronia,McCreadie,smccreadieka@parallels.com,Female,99.86.246.210
732,Jacqueline,Checcuzzi,jcheccuzzikb@edublogs.org,Female,171.106.21.116
733,Carley,Sedgemond,csedgemondkc@comsenz.com,Female,172.242.37.61
734,Corry,Avramchik,cavramchikkd@pen.io,Female,85.181.145.198
735,Desiri,Oldmeadow,doldmeadowke@netvibes.com,Female,123.171.202.237
736,Rene,Woodcraft,rwoodcraftkf@moonfruit.com,Female,97.15.202.219
737,Wenonah,McGroarty,wmcgroartykg@cnet.com,Female,82.145.78.38
738,Ebenezer,Cowing,ecowingkh@blinklist.com,Male,62.51.206.32
739,Cart,Iowarch,ciowarchki@youku.com,Male,66.94.92.31
740,Biron,Rebichon,brebichonkj@tripod.com,Genderqueer,24.10.57.245
741,Tadeo,Legg,tleggkk@furl.net,Male,216.32.231.164
742,Cecily,Twinn,ctwinnkl@loc.gov,Female,94.93.72.251
743,Uri,Allans,uallanskm@elpais.com,Male,121.252.184.24
744,Emlyn,Lewsie,elewsiekn@feedburner.com,Female,138.72.220.78
745,Hamilton,Szymaniak,hszymaniakko@alexa.com,Male,95.150.53.212
746,Ali,Diggens,adiggenskp@behance.net,Male,47.141.146.74
747,Lenard,Conkie,lconkiekq@istockphoto.com,Male,154.105.153.52
748,Chuck,Drysdell,cdrysdellkr@tmall.com,Male,123.81.148.78
749,Benjie,Benasik,bbenasikks@nba.com,Male,209.45.147.77
750,Andros,Hawkridge,ahawkridgekt@wikipedia.org,Male,180.137.108.47
751,Donica,Arrowsmith,darrowsmithku@quantcast.com,Female,23.54.125.121
752,Yvon,Limrick,ylimrickkv@engadget.com,Male,194.224.48.126
753,Stanley,Whistance,swhistancekw@arizona.edu,Bigender,235.68.99.186
754,Dunstan,Gregorio,dgregoriokx@youtube.com,Male,138.255.127.215
755,Gaye,Hakking,,Female,75.47.25.30
756,Travus,Hellin,thellinkz@harvard.edu,Male,227.54.185.17
757,Ilario,Golden of Ireland,igoldenofirelandl0@etsy.com,Male,144.166.121.28
758,Vitoria,Griss,vgrissl1@bing.com,Female,99.213.126.116
759,Garret,Ladbrooke,gladbrookel2@gmpg.org,Male,80.189.52.177
760,Meredith,Blainey,mblaineyl3@microsoft.com,Male,143.40.65.74
761,Grantley,Presidey,gpresideyl4@acquirethisname.com,Male,255.144.109.134
762,Cynthea,Ferney,cferneyl5@indiatimes.com,Bigender,241.129.58.23
763,Ardeen,Burmingham,aburminghaml6@fotki.com,Female,149.95.162.161
764,Krystle,Liversage,kliversagel7@is.gd,Female,23.21.241.236
765,Arny,Lawrance,alawrancel8@histats.com,Male,125.172.100.24
766,Lorilyn,Baumber,lbaumberl9@nsw.gov.au,Female,52.55.53.208
767,Grantley,Klemensiewicz,gklemensiewiczla@economist.com,Male,32.252.102.63
768,Farrel,Antonovic,fantonoviclb@facebook.com,Male,160.187.116.60
769,Barry,Kenealy,bkenealylc@devhub.com,Male,30.95.150.201
770,Beau,Edgler,bedglerld@blog.com,Male,73.30.192.131
771,Alexandros,Juggins,ajugginsle@bravesites.com,Male,68.170.70.195
772,Deanna,Kinge,dkingelf@telegraph.co.uk,Female,17.60.42.227
773,Abagael,Bees,abeeslg@canalblog.com,Female,124.217.50.133
774,Ardath,Dod,adodlh@dmoz.org,Female,59.7.206.152
775,Kinna,Ruegg,krueggli@hc360.com,Female,251.143.198.54
776,Salim,Bern,sbernlj@sphinn.com,Male,222.79.213.221
777,Anjela,Pargent,apargentlk@about.com,Female,154.9.238.48
778,Tansy,Domingues,tdominguesll@twitter.com,Female,101.90.79.109
779,Fara,Crellin,fcrellinlm@auda.org.au,Genderfluid,57.25.113.136
780,Melita,Haily,mhailyln@cam.ac.uk,Female,128.18.242.156
781,Cly,Musprat,cmuspratlo@epa.gov,Male,24.68.133.193
782,Allegra,Brymham,abrymhamlp@qq.com,Female,106.10.204.39
783,Gypsy,Chaman,gchamanlq@dailymotion.com,Female,90.123.189.239
784,Halsy,Fradson,hfradsonlr@php.net,Male,149.95.30.30
785,Carlin,Tichner,ctichnerls@pen.io,Female,28.233.222.187
786,Dougy,Vanyatin,dvanyatinlt@canalblog.com,Male,75.209.168.255
787,Paul,Vaisey,pvaiseylu@msn.com,Male,230.36.177.0
788,Aleen,Dodle,adodlelv@reverbnation.com,Female,144.254.98.142
789,Janela,Yaneev,jyaneevlw@google.it,Female,39.242.137.74
790,Aldon,Gellately,agellatelylx@pbs.org,Male,27.239.182.56
791,Milli,Dziwisz,mdziwiszly@cocolog-nifty.com,Female,253.9.189.61
792,Germana,Sirey,gsireylz@t-online.de,Female,193.20.176.46
793,Rutger,Larciere,rlarcierem0@unicef.org,Male,44.69.165.177
794,Wyn,De Carolis,wdecarolism1@go.com,Male,26.177.254.145
795,Ardra,Lippo,alippom2@china.com.cn,Female,153.167.207.185
796,Durante,Giberd,dgiberdm3@unesco.org,Male,102.212.240.181
797,Franny,Moulin,fmoulinm4@baidu.com,Male,171.154.211.199
798,Aloysius,Vassel,avasselm5@is.gd,Male,190.185.169.146
799,Ermin,Baltrushaitis,ebaltrushaitism6@cnn.com,Genderfluid,176.106.154.185
800,Brittaney,Hatch,bhatchm7@macromedia.com,Female,159.4.32.211
801,Nilson,Domleo,ndomleom8@com.com,Male,226.188.198.146
802,Brita,O'Hanlon,bohanlonm9@wired.com,Female,203.23.15.233
803,Angelo,Dury,aduryma@unc.edu,Male,75.10.77.134
804,Doe,Kisbee,dkisbeemb@flickr.com,Female,190.121.136.199
805,Koressa,McClaughlin,kmcclaughlinmc@psu.edu,Genderqueer,150.150.225.182
806,Shelden,Chanson,schansonmd@jiathis.com,Male,78.37.62.121
807,Gay,Bellamy,gbellamyme@aboutads.info,Male,31.29.67.30
808,Barr,Wettern,bwetternmf@ow.ly,Male,200.239.111.205
809,Phedra,Filpi,pfilpimg@answers.com,Female,48.234.113.131
810,Abie,Andrea,aandreamh@freewebs.com,Male,150.207.188.27
811,Connie,Fenich,cfenichmi@wikipedia.org,Female,123.179.9.73
812,Ephraim,Osmund,eosmundmj@ow.ly,Genderfluid,189.58.198.190
813,Theda,Wogdon,twogdonmk@hexun.com,Female,112.174.24.50
814,Claudia,Yurenin,cyureninml@irs.gov,Female,101.105.177.42
815,Nita,Groome,ngroomemm@goo.ne.jp,Female,75.154.194.21
816,Ralf,Scohier,rscohiermn@un.org,Male,241.154.165.27
817,Millard,Cartmell,mcartmellmo@topsy.com,Male,239.225.64.47
818,Batholomew,Huddles,bhuddlesmp@prlog.org,Male,241.94.164.183
819,Riki,Capitano,rcapitanomq@theglobeandmail.com,Genderfluid,46.147.79.231
820,Codee,Simoneschi,csimoneschimr@sogou.com,Female,38.108.177.121
821,Pepillo,Klais,pklaisms@nsw.gov.au,Male,191.25.1.129
822,Kristos,Dyshart,kdyshartmt@istockphoto.com,Male,84.215.180.236
823,Sena,Picker,spickermu@shareasale.com,Female,13.150.76.16
824,Elbertine,Pantlin,epantlinmv@fotki.com,Non-binary,187.214.193.181
825,Bev,Gethen,bgethenmw@xrea.com,Male,31.66.33.135
826,Vernon,Oades,voadesmx@purevolume.com,Male,121.159.134.197
827,Anatol,Lenahan,alenahanmy@wunderground.com,Male,80.242.3.247
828,Issy,Fredson,ifredsonmz@ezinearticles.com,Female,120.205.242.2
829,Bernadine,Tidder,btiddern0@mashable.com,Female,69.206.83.246
830,Donnajean,Haugen,dhaugenn1@ft.com,Female,161.10.120.98
831,Rubie,Huddleston,rhuddlestonn2@foxnews.com,Bigender,62.244.54.179
832,Veronike,Packer,vpackern3@smh.com.au,Female,152.7.196.247
833,Abdel,Jeger,ajegern4@cam.ac.uk,Male,59.201.101.131
834,Paton,Greir,pgreirn5@cyberchimps.com,Male,239.177.97.15
835,Duke,Robroe,drobroen6@nasa.gov,Male,135.134.248.111
836,Roz,Dandison,rdandisonn7@soup.io,Female,4.15.12.83
837,Myles,Garatty,mgarattyn8@pagesperso-orange.fr,Male,183.15.207.80
838,Hillie,Coughan,hcoughann9@huffingtonpost.com,Male,243.66.216.15
839,Pierrette,Kimberly,pkimberlyna@umich.edu,Female,252.12.44.107
840,Deerdre,Abramino,dabraminonb@sogou.com,Female,57.186.226.132
841,Cortie,Jeenes,cjeenesnc@weibo.com,Male,184.214.36.109
842,Fiorenze,Frangleton,ffrangletonnd@altervista.org,Genderqueer,89.12.196.79
843,Flo,Cleynman,fcleynmanne@blogger.com,Female,205.4.255.96
844,Herc,Dimbleby,hdimblebynf@over-blog.com,Male,98.235.101.178
845,Alvin,Patis,apatisng@icio.us,Male,37.205.72.32
846,Dulci,Kix,dkixnh@acquirethisname.com,Female,8.196.6.158
847,Dalton,Pflieger,dpfliegerni@parallels.com,Male,147.175.152.244
848,Harwell,Fiske,hfiskenj@stumbleupon.com,Genderfluid,66.11.153.139
849,Roscoe,Petrelli,rpetrellink@fda.gov,Male,21.82.147.54
850,Agneta,Rudgerd,arudgerdnl@flavors.me,Female,183.24.228.217
851,Fitzgerald,Molnar,fmolnarnm@over-blog.com,Male,181.241.118.35
852,Maximo,Withey,mwitheynn@furl.net,Male,135.174.106.71
853,Brinna,Girardengo,bgirardengono@nytimes.com,Female,131.35.132.246
854,Roseanne,Boakes,rboakesnp@issuu.com,Female,158.74.203.240
855,Elicia,Agron,eagronnq@engadget.com,Female,35.117.113.44
856,Odetta,Sumsion,osumsionnr@ehow.com,Female,38.34.217.255
857,Jojo,Valentine,jvalentinens@nps.gov,Female,253.154.223.112
858,Oren,Blague,oblaguent@shinystat.com,Male,110.183.252.188
859,Umberto,Haldane,uhaldanenu@tuttocitta.it,Bigender,122.157.85.85
860,Steve,Pithcock,spithcocknv@angelfire.com,Male,65.43.249.140
861,Claudius,Colbert,ccolbertnw@tmall.com,Male,153.121.211.235
862,Raine,Brett,rbrettnx@google.com.hk,Female,126.134.60.119
863,Kellsie,Clynmans,kclynmansny@twitpic.com,Female,100.211.14.211
864,Dot,Demke,ddemkenz@google.com.au,Female,232.212.61.121
865,Adore,Stonuary,astonuaryo0@tumblr.com,Female,224.26.197.77
866,Pier,Piddlesden,ppiddlesdeno1@g.co,Female,208.46.21.170
867,Sunshine,Heninghem,sheninghemo2@printfriendly.com,Agender,177.192.48.51
868,Marleen,Morde,mmordeo3@rakuten.co.jp,Female,219.195.254.23
869,Wandie,Oakden,woakdeno4@nymag.com,Female,45.15.184.127
870,Sheelagh,Titchmarsh,stitchmarsho5@cdbaby.com,Female,234.233.14.4
871,Karylin,Barhems,kbarhemso6@is.gd,Female,137.241.254.117
872,Louisa,Videler,lvidelero7@who.int,Female,95.204.52.203
873,Letty,Fritschel,lfritschelo8@weather.com,Female,9.30.146.250
874,Sella,Donkersley,sdonkersleyo9@adobe.com,Female,149.237.199.76
875,Ethan,Enstone,,Male,20.138.164.39
876,Nathanil,Kerkham,nkerkhamob@4shared.com,Male,195.194.138.186
877,Cristine,Wickliffe,cwickliffeoc@forbes.com,Female,11.23.237.17
878,Owen,Ollcott,oollcottod@dyndns.org,Male,144.41.147.178
879,Linet,Starsmeare,lstarsmeareoe@pagesperso-orange.fr,Female,155.162.210.244
880,Carly,Tees,cteesof@tripod.com,Female,67.133.191.228
881,Sharai,Cawood,scawoodog@netscape.com,Female,70.166.47.85
882,Willette,McGrouther,wmcgroutheroh@pagesperso-orange.fr,Female,58.188.229.184
883,Alexa,Akhurst,aakhurstoi@army.mil,Female,165.2.125.251
884,Gerrard,Hannibal,ghannibaloj@abc.net.au,Male,209.78.186.199
885,Audra,Caccavella,acaccavellaok@oakley.com,Female,218.23.173.149
886,Anatola,Louth,alouthol@tinypic.com,Female,101.181.231.54
887,Donaugh,Studart,dstudartom@home.pl,Male,238.29.72.7
888,Raimund,Dempsey,rdempseyon@sun.com,Male,14.173.29.157
889,Bronson,Pheasant,bpheasantoo@printfriendly.com,Male,100.175.97.115
890,Flemming,Claesens,fclaesensop@blogs.com,Male,142.168.48.30
891,Philippa,Buye,pbuyeoq@w3.org,Female,216.126.201.230
892,Ronnie,Narrie,rnarrieor@mozilla.org,Polygender,17.44.1.142
893,Starla,Meeland,smeelandos@aol.com,Female,85.193.80.221
894,Carmon,Guerry,cguerryot@biglobe.ne.jp,Female,251.13.206.44
895,Annabella,Skoggins,askogginsou@rediff.com,Female,245.246.126.131
896,Kipp,Izakov,kizakovov@php.net,Male,129.169.175.93
897,Marnia,Andersson,manderssonow@springer.com,Female,93.173.134.157
898,Violante,Everix,veverixox@sphinn.com,Female,85.217.250.197
899,Corenda,Smallcombe,csmallcombeoy@jigsy.com,Female,139.99.54.203
900,Ellerey,Read,ereadoz@dailymail.co.uk,Male,10.247.76.219
901,Crawford,Maes,cmaesp0@paypal.com,Male,10.113.42.117
902,Sid,Mutimer,smutimerp1@un.org,Male,219.11.78.177
903,Fergus,Warbrick,fwarbrickp2@phpbb.com,Male,67.239.45.2
904,Maye,Rouch,mrouchp3@ycombinator.com,Female,236.23.46.206
905,Tani,Binnes,tbinnesp4@geocities.jp,Female,73.21.165.15
906,Kory,Gadsdon,kgadsdonp5@imageshack.us,Non-binary,158.31.224.94
907,Gracia,Chrichton,gchrichtonp6@hud.gov,Female,236.117.255.96
908,Blair,Bayston,bbaystonp7@wikia.com,Female,234.90.27.92
909,Land,Nicklen,lnicklenp8@ovh.net,Male,220.93.113.215
910,George,Wein,gweinp9@edublogs.org,Genderfluid,151.111.234.14
911,Tamarah,Wasling,twaslingpa@prlog.org,Female,35.108.49.229
912,Mariette,Ladds,mladdspb@bandcamp.com,Female,105.118.42.149
913,Milicent,Deards,mdeardspc@csmonitor.com,Female,81.141.218.88
914,Elvis,Goggan,egogganpd@jugem.jp,Male,153.210.135.151
915,Glynn,Strettell,gstrettellpe@free.fr,Male,51.146.176.10
916,Sophie,Gainseford,sgainsefordpf@fastcompany.com,Female,207.241.232.72
917,Raoul,Beechcraft,rbeechcraftpg@reference.com,Male,27.54.9.200
918,Neal,Thorogood,nthorogoodph@ox.ac.uk,Male,99.206.66.175
919,Abagael,McNeilley,amcneilleypi@lycos.com,Female,62.101.189.3
920,Pamella,Drable,pdrablepj@4shared.com,Female,34.40.18.16
921,Morganica,McCawley,mmccawleypk@washington.edu,Female,147.90.238.37
922,Margette,Bickerton,mbickertonpl@constantcontact.com,Female,236.42.49.217
923,Millisent,Dutnall,mdutnallpm@eventbrite.com,Female,136.191.74.228
924,Marchall,Pretor,mpretorpn@wufoo.com,Male,253.144.160.182
925,Rowney,Witchell,rwitchellpo@tinyurl.com,Male,153.198.170.20
926,Gauthier,Leal,glealpp@reuters.com,Male,154.45.44.84
927,Stefania,Croney,scroneypq@disqus.com,Female,179.201.69.160
928,Rodolph,Mougeot,rmougeotpr@engadget.com,Male,129.8.242.159
929,Miran,Bernhardt,mbernhardtps@google.fr,Polygender,19.184.70.218
930,Jacquenetta,Moulster,jmoulsterpt@tiny.cc,Female,182.99.189.32
931,Sophia,Warkup,swarkuppu@diigo.com,Female,230.250.182.0
932,Felice,Stonebridge,fstonebridgepv@nationalgeographic.com,Female,205.24.208.119
933,Marcy,Clendennen,mclendennenpw@simplemachines.org,Female,45.160.199.107
934,Justina,Balma,jbalmapx@theatlantic.com,Female,140.213.172.45
935,Tammy,McGifford,tmcgiffordpy@huffingtonpost.com,Male,53.5.175.27
936,Helena,Degli Antoni,hdegliantonipz@shinystat.com,Female,104.28.106.118
937,Juanita,Gaylard,jgaylardq0@nydailynews.com,Female,124.186.127.98
938,Esra,Ramshaw,eramshawq1@usgs.gov,Agender,197.29.2.204
939,Gabriello,Crockford,gcrockfordq2@google.ru,Male,51.19.170.70
940,Silvie,Vannikov,svannikovq3@prweb.com,Female,247.19.236.192
941,Bryant,Inglesent,binglesentq4@miibeian.gov.cn,Male,176.137.28.193
942,Ashlie,Reightley,,Female,97.57.209.160
943,Mickie,Wolseley,mwolseleyq6@reddit.com,Female,253.5.144.79
944,Cymbre,Bishopp,cbishoppq7@globo.com,Female,101.138.31.30
945,Torin,Fripp,tfrippq8@example.com,Male,117.89.147.234
946,Anderson,Seyffert,aseyffertq9@umich.edu,Male,216.66.253.160
947,Guinevere,McLeish,gmcleishqa@fastcompany.com,Female,41.230.70.26
948,Trace,McIllrick,tmcillrickqb@ocn.ne.jp,Male,147.196.145.165
949,Roxine,Petegrew,rpetegrewqc@chronoengine.com,Female,10.223.192.33
950,Laraine,Summons,lsummonsqd@webeden.co.uk,Female,78.171.7.247
951,Stephie,Yushkin,syushkinqe@simplemachines.org,Genderfluid,130.179.34.8
952,Eden,Van Cassel,evancasselqf@de.vu,Female,116.30.15.242
953,Gussie,Degenhardt,gdegenhardtqg@soundcloud.com,Polygender,74.254.110.162
954,Cyril,Hellcat,chellcatqh@mashable.com,Male,108.133.45.130
955,Jackie,Claridge,jclaridgeqi@vk.com,Male,201.34.245.245
956,Elwin,Oloman,eolomanqj@de.vu,Male,101.20.205.5
957,Helene,Livens,hlivensqk@bandcamp.com,Female,151.70.178.121
958,Cheslie,Scoble,cscobleql@sogou.com,Female,24.94.11.87
959,Queenie,Hillitt,qhillittqm@jigsy.com,Female,227.179.85.128
960,Gothart,Gudd,gguddqn@clickbank.net,Male,190.136.238.80
961,Devonna,Forcade,dforcadeqo@storify.com,Female,255.229.31.199
962,Demetre,Park,dparkqp@wordpress.com,Male,12.125.176.223
963,Merlina,Testo,mtestoqq@pinterest.com,Female,99.67.146.27
964,Tove,Ramsay,tramsayqr@berkeley.edu,Female,24.5.75.207
965,Giulietta,Linggard,glinggardqs@ameblo.jp,Female,193.89.129.67
966,Reade,Wessel,rwesselqt@posterous.com,Male,20.22.168.31
967,Lisha,Huc,lhucqu@cdc.gov,Female,108.66.139.45
968,Ruddie,Kyberd,rkyberdqv@tmall.com,Male,203.21.179.224
969,Jeremie,Sarah,jsarahqw@live.com,Agender,127.200.85.233
970,Sigismond,Pagelsen,spagelsenqx@marketwatch.com,Male,131.15.246.43
971,Michael,Stoggell,mstoggellqy@house.gov,Male,147.195.121.28
972,Felic,Leather,fleatherqz@blog.com,Polygender,159.211.10.111
973,Aubrey,Bugge,abugger0@cbsnews.com,Female,62.25.58.66
974,Stoddard,Ferriman,sferrimanr1@comsenz.com,Female,53.241.114.5
975,Shepperd,Bozier,sbozierr2@apache.org,Male,211.79.28.67
976,Leigh,Khristyukhin,lkhristyukhinr3@independent.co.uk,Male,178.130.143.182
977,Yoshiko,Toynbee,ytoynbeer4@dell.com,Agender,126.175.216.63
978,Pieter,Cordie,pcordier5@opensource.org,Male,183.83.81.11
979,Scott,Danigel,sdanigelr6@constantcontact.com,Male,156.113.73.175
980,Luciana,Sketh,lskethr7@sfgate.com,Female,151.129.121.227
981,Lynette,Havis,lhavisr8@usda.gov,Genderqueer,94.40.137.187
982,Trista,Eyes,teyesr9@tuttocitta.it,Female,209.119.22.107
983,Perry,Segoe,psegoera@technorati.com,Female,242.197.46.253
984,Ann-marie,Goldsbrough,agoldsbroughrb@cmu.edu,Female,36.2.175.122
985,Anne,Boyan,aboyanrc@washington.edu,Female,206.237.22.6
986,Valry,Plott,vplottrd@merriam-webster.com,Female,242.84.198.56
987,Donalt,Wong,dwongre@apple.com,Male,231.111.105.107
988,Padriac,Carlsson,pcarlssonrf@posterous.com,Male,48.165.124.145
989,Fred,Weitzel,fweitzelrg@meetup.com,Female,196.65.11.89
990,Anna-diane,,ainglebyrh@umich.edu,Female,253.101.89.88
991,Conny,Vondrasek,cvondrasekri@i2i.jp,Male,191.8.150.40
992,Nicoli,Sharpling,nsharplingrj@xing.com,Bigender,254.5.32.90
993,Pammi,Thunnerclef,pthunnerclefrk@umich.edu,Female,153.156.231.209
994,Henryetta,Burgill,hburgillrl@com.com,Bigender,117.13.216.122
995,Warner,,wloftingrm@dailymotion.com,Male,38.193.82.220
996,Gwenni,Grigaut,ggrigautrn@stumbleupon.com,Female,95.206.154.249
997,Norrie,Bauckham,nbauckhamro@blinklist.com,Female,12.111.238.184
998,Sammie,Maslen,smaslenrp@seattletimes.com,Bigender,101.243.25.220
999,Trever,Davidofski,tdavidofskirq@gravatar.com,Male,223.237.164.8
1000,Roseanna,Divver,rdivverrr@liveinternet.ru,Female,175.9.61.148